id,objetivo,tipo,proyecto,como_se_consigue,url,coste,p1_sin_buscadores,p2_pagina_real,p3_audiencia,p4_ancla_natural,p5_relevante,p6_metricas,estado,notas
1,LinkedIn página de empresa,perfil propio,studio,Crear página con nombre exacto Kuxar Studio y enlazar a kuxarstudio.com,https://www.linkedin.com/,0,si,si,si,si,si,,pendiente_usuario,Iñigo ya iba a crearla; luego añadir a SAME_AS
2,YouTube canal Kuxar Studio,perfil propio,studio,Crear canal; subir el vídeo en bucle de Kaku! y demos; enlace en la descripción,https://www.youtube.com/,0,si,si,si,si,si,,pendiente_usuario,Vídeo es el mayor correlato de visibilidad en IA según la infografía
3,AlternativeTo ficha de Kaku!,directorio de producto,kaku,Dar de alta como alternativa a Skritter/Renshuu/WaniKani,https://alternativeto.net/,0,si,si,si,si,si,,pendiente_usuario,Usar texto de perfiles.md; revisar sus normas de alta
4,AlternativeTo ficha de PDF-Blender,directorio de producto,pdf-blender,Dar de alta como alternativa offline a herramientas online de PDF,https://alternativeto.net/,0,si,si,si,si,si,,pendiente_usuario,.exe solo para Windows; desde el código funciona donde haya Python: decirlo claro
5,itch.io ficha de Nadir,perfil propio,nadir,Crear página "en desarrollo" con enlace al devlog,https://itch.io/,0,si,si,si,si,si,,pendiente_usuario,Solo con lo confirmado: RPG táctico de supervivencia para móvil; no inventar capturas
6,Google Play ficha de Kaku!,perfil propio,kaku,Comprobar que la ficha enlaza a kuxarstudio.com y usa "Kaku!" y "Kuxar Studio",https://play.google.com/store/apps/details?id=com.kaku.kaku,0,si,si,si,si,si,,pendiente_usuario,Ya existe; solo revisar nombre y enlace de desarrollador
7,GitHub: sitio web y topics de la organización y repos,perfil propio,studio,Rellenar website=https://kuxarstudio.com en la org y en cada repo público; añadir topics,https://github.com/KuxarStudio,0,si,si,si,si,si,,pendiente_usuario,Topics sugeridos en outreach.md
8,Show HN de PDF-Blender,comunidad,pdf-blender,Publicar un Show HN con el README nuevo y sin pedir votos,https://news.ycombinator.com/showhn.html,0,si,si,si,si,si,,pendiente_usuario,Leer reglas de Show HN antes; una sola vez
9,Listas awesome de herramientas Python/PDF,lista de recursos,pdf-blender,Buscar listas awesome vigentes y abrir PR respetando su guía de contribución,https://github.com/search?q=awesome+pdf&type=repositories,0,si,?,si,si,si,,verificar,Buscar nombre concreto de cada lista y comprobar que está mantenida
10,Wiki / recursos de r/LearnJapanese,comunidad,kaku,Proponer las hojas de trazos como recurso gratuito si sus normas lo permiten,https://www.reddit.com/r/LearnJapanese/,0,si,?,si,si,si,,verificar,Leer normas de autopromoción; no publicar enlace de la app
11,Fundación Japón Madrid recursos de estudio,institución,kaku,Escribir proponiendo las hojas como recurso para estudiantes,https://www.fundacionjapon.es/,0,si,?,si,si,si,,verificar,Comprobar si tienen página de recursos y contacto adecuado
12,Escuelas Oficiales de Idiomas con japonés,institución,kaku,Escribir al departamento de japonés ofreciendo los PDF para el aula,,0,si,?,?,si,si,,buscar_destinos,Buscar EOI con japonés y su contacto público
13,Departamentos universitarios de Estudios de Asia Oriental,institución,kaku,Escribir al profesorado de lengua japonesa con los PDF,,0,si,?,?,si,si,,buscar_destinos,Buscar páginas de recursos para el alumnado de japonés
14,Blogs y canales de japonés en español,blog/canal,kaku,Escribir a autores que ya publican materiales de kana,,0,si,?,?,si,si,,buscar_destinos,Buscar 10 con actividad reciente; no escribir a los que no tengan contenido propio
15,Blogs y canales de japonés en inglés,blog/canal,kaku,Misma propuesta con la versión EN de las hojas,,0,si,?,?,si,si,,buscar_destinos,Idem
16,Foros de Godot y r/godot (showcase),comunidad,nadir,Compartir un hito real del devlog cuando haya material,https://forum.godotengine.org/,0,si,?,si,si,si,,esperar_material,Solo con devlog real y medido
17,dev.to / Hashnode (crosspost del devlog con canonical),comunidad,studio,Republicar entradas reales del devlog con canonical a kuxarstudio.com,https://dev.to/,0,si,si,si,si,si,,esperar_material,Solo entradas con datos medidos; sin relleno
18,Dato de GoCita publicado sin nombre del cliente,activo propio,studio,Publicar caso con métrica real y repartirlo a prensa local y comunidades,,0,si,si,?,si,si,,esperar_material,Depende de que Iñigo aporte la métrica
19,Dominios del tally de citaciones de IA,PR,studio,Contactar a los sitios que la IA ya cita para tus preguntas,,0,si,?,?,?,?,,esperar_material,Alimentar desde el informe semanal del agente SEO
